bus_id,name,vn_kv,population,demand_share,power_p_mw,power_q_mvar,power_s
0,North,500,,0.080408163,4422.44898,2141.889798,4913.264127
1,Northeast,500,,0.109846939,6041.581633,2926.071533,6712.092427
2,Bangkok,500,,0.728673469,40077.04082,19410.19676,44524.89737
3,South,500,,0.081122449,4461.734694,2160.916738,4956.909874
,,,,,,,
,,,,,,,
,,,,,,,
,,,,,,,
,,,,,,0.484571429,1.110982659